Table Name,Column Name,Description,Legacy Equivalence,Calculation Logic,Data Type,Domain Category,Source,,
dim_users,user_id,The core patient index containing static identifiers.,users.user_id,Primary key; sequential integer.,Integer,Patient Index,1,,
dim_users,mindfulness_routine,A categorical flag for whether the user engages in grounding routines.,spiritual_practice,Categorical flag based on latent mindfulness traits.,String,Patient Index,1,,
fact_encounters_daily,log_id,"Time-stamped, discrete daily event acting as the central hub for associated data.",daily_activity_logs.log_id,Unique identifier per daily encounter.,Integer,Encounters,1,,
fact_encounters_daily,deep_work_hours,Measures dedicated temporal hours of high-productivity work.,daily_activity_logs.deep_work_hours,Temporal measurement; ordinal scale 0–100 or real hours.,Float,Encounters,1,,
fact_observations_mental,radical_acceptance_score,Measures the psychological ability to accept circumstances outside one's control.,faith_score,Ordinal scale 0–100; secular remapping of faith.,Float,Observations,1,,
fact_observations_mental,focused_reflection_time,"Measures dedicated minutes spent in deep, internal contemplation.",prayer_time,Temporal measurement (minutes) derived from internal states.,Float,Observations,1,,
fact_observations_mental,daily_balance_index,Mathematically generated latent balance score between effort and acceptance.,performance_outcome.balance_index,100 - \,effort - surrender\,,Float,Observations,1
fact_observations_mental,cognitive_flexibility_index,Measures how consistently the user adapts their mindset when faced with friction.,surrender_consistency,Ordinal scale 0–100.,Float,Observations,1,,
fact_clinical_events,event_id,Logs significant life events and their impacts as discrete occurrences.,life_events,Unique ID for stochastic clinical/life events.,Integer,Clinical Events,1,,
dim_behavioral_archetypes,archetype_description,Lookup table detailing stable behavioral tendencies and coping styles.,behavior_patterns,Static mapping of behavioral profiles.,String,Observations,1,,
dim_users,user_id,The core patient index holding static demographic traits.,redundant primary keys,"range(1, NUM_USERS + 1)",integer,Patient Index,2,,
fact_observations_mental,radical_acceptance_score,Measures psychological ability to accept circumstances outside of control.,faith_score,"np.random.normal(daily_surrenderday, 10).clip(0, 100)",float,Observations,2,,
fact_observations_mental,focused_reflection_time,"Dedicated minutes spent in deep, internal contemplation.",prayer_time,"np.random.normal(daily_surrenderday / 20, 2).clip(0, 60)",float,Observations,2,,
dim_users,mindfulness_routine,Binary indicator of a grounding routine.,spiritual_practice,"np.random.choice(2, p=0.3, 0.7)",boolean/integer,Patient Index,2,,
fact_observations_mental,cognitive_flexibility_index,Measures adaptability of mindset when facing friction.,surrender_consistency,0–100 ordinal scale based on daily_surrender,float,Observations,2,,
fact_clinical_events,event_type,Sparse clinical event such as a burnout instance.,static outcome flags,"Stochastic process: binomial(1, (40 - latent_balance) / 100.0)",string,Clinical Events,2,,
users,id,"The unique primary key for the master user table, acting as the hub for all spokes in the architecture.",user_id,None (Primary Key),integer,Patient Index,3,,
surrender_profile,radical_acceptance_score,A secularized clinical metric measuring cognitive flexibility and the absence of a need for absolute control.,faith_score,0–100 ordinal scale mapping,integer,Observations,3,,
surrender_profile,mindfulness_minutes,"Time spent in states of surrender or mindfulness, previously categorized by prayer.",prayer_time,Real-world temporal measurement (minutes/hours),float,Observations,3,,
dim_concept_dictionary,concept_name,Human-readable name for the clinical or behavioral concept.,faith_label,Explicit string identifier for metrics; maps to secularized clinical terms.,TEXT,Patient Index,4,,
dim_users,baseline_discipline,Pre-study assessment of user's consistent effort or discipline.,discipline_score,Real-world temporal measurement normalized to 0–100 ordinal scale.,REAL,Patient Index,4,,
dim_users,baseline_flexibility,Pre-study assessment of user's mental flexibility or surrender capacity.,faith_score,Derived from latent balance scores normalized to 0–100.,REAL,Patient Index,4,,
fact_encounters_daily,work_hours,Total hours spent in deep work or professional tasks per day.,effort_duration,Real-world temporal measurement (deep work hours).,REAL,Encounters,4,,
fact_encounters_daily,screen_time,Total duration of screen usage for the encounter date.,secular_usage_time,Real-world temporal measurement (screen time).,REAL,Encounters,4,,
fact_observations_mental,radical_acceptance_score,Clinical metric measuring the capacity for non-judgmental acceptance.,faith_score,0–100 ordinal scale representing stochastic emergent outcomes.,REAL,Observations,4,,
fact_observations_mental,focus_score,Measurement of attentional focus during the encounter.,concentration_index,0–100 ordinal scale calculation based on effort metrics.,REAL,Observations,4,,
fact_state_transitions,previous_state,The behavioral or clinical state the user is transitioning from.,old_archetype_state,State identified in Markov state transition models.,TEXT,Clinical Events,4,,
fact_clinical_events,severity_score,The intensity or clinical significance of the event.,event_magnitude,0–100 ordinal scale based on clinical event severity.,REAL,Clinical Events,4,,
fact_observations_mental,radical_acceptance_score,Standardized clinical metric representing the ability to accept circumstances outside of one's control.,faith_score,Continuous 0-100 scale derived from legacy religious variable.,Continuous (0-100),Observations,5,,
fact_observations_mental,focused_reflection_time,"Dedicated minutes spent in deep, internal contemplation; velocity of decay serves as a precursor to burnout.",prayer_time,Real-world temporal measurement in minutes.,Real-world temporal (Minutes),Observations,5,,
fact_observations_mental,mindfulness_routine,Presence of a daily grounding routine to ensure clinical validity and interoperability.,spiritual_practice,Binary indicator (0/1).,Binary (0/1),Observations,5,,
fact_observations_mental,cognitive_flexibility_index,Adaptability of mindset when facing external friction; used to calculate latent balance.,surrender_consistency,Continuous 0-100 scale.,Continuous (0-100),Observations,5,,
surrender_vs_effort_ml_features,mean_latent_balance,A secularized clinical metric representing the average latent balance score of a patient over a specific period.,faith_score,Weighted multiplier (25.48%) derived from Random Forest Gini Importance used to scale the standardized feature matrix for Cox PH regression.,float,Observations,6,,
surrender_vs_effort_ml_features,avg_radical_acceptance_score,"A metric measuring the patient's level of radical acceptance, transitioning from religious surrender concepts.",surrender_index,Simultaneous check with focus score < 20.0 to trigger Cognitive Collapse event; also used as a RF multiplier (11.20%).,float,Observations,6,,
surrender_vs_effort_ml_features,avg_stress_level,The average recorded stress level of a patient; values over 85 trigger Acute Friction Shock.,tribulation_magnitude,Single day threshold check (> 85.0) for event classification; RF Multiplier = 0.0619.,float,Observations,6,,
surrender_vs_effort_ml_features,avg_focused_reflection_time,A temporal measurement of time spent in focused reflection or deep work.,prayer_duration,Measurement of recovery potential; ≥ 20.0 min aids transition from Critical back to Stable state.,float,Clinical Events,6,,
surrender_vs_effort_ml_features,burnout_target_label,A binary classification label indicating if a burnout event has occurred.,spiritual_exhaustion_flag,Triggered when state is 'Critical' for ≥ 3 days and latent_balance < 35.0.,integer,Clinical Events,6,,
surrender_vs_effort_ml_features,work_hours,Total hours of deep work or occupational activity per day.,stewardship_hours,Combined with screen time (> 10.0) to trigger Environmental Overload if > 12.0.,float,Encounters,6,,
surrender_vs_effort_ml_features,screen_time,Real-world temporal measurement of daily digital exposure.,worldly_distraction_time,Used in Environmental Overload trigger when > 10.0 hours.,float,Observations,6,,
surrender_vs_effort_ml_features,user_id,Unique identifier for the patient within the system index.,soul_id,Primary key for longitudinal time-series data mapping.,integer,Patient Index,6,,
surrender_vs_effort_ml_features,cox_mean_hazard_score,The resulting hazard ratio or risk score from the Weighted Cox Proportional Hazards Model.,predestination_risk_index,Log-Hazard ratio calculated as the product of standardized features and Random Forest Gini weights.,float,Clinical Events,6,,
fact_encounters_daily.csv,radical_acceptance_score,Ability to accept circumstances outside of one's control (Continuous 0-100).,faith_score,Modeled as statistical random walks using np.random.normal temporal logic anchored to previous states.,Continuous (0-100),Observations / Psychological Ability,7,,
fact_encounters_daily.csv,focused_reflection_time,"Dedicated minutes spent in deep, internal contemplation.",prayer_time,Temporal measurement of deep work/contemplation hours.,Real-world temporal measurement (Minutes),Observations / Internal Contemplation,7,,
fact_encounters_daily.csv,mindfulness_routine,Presence of a daily grounding routine.,spiritual_practice,Binary indicator (0/1).,Binary (0/1),Observations / Grounding Routine,7,,
fact_encounters_daily.csv,cognitive_flexibility_index,Adaptability of mindset when facing external friction (Continuous 0-100).,surrender_consistency,Modeled as statistical random walks; high-velocity drops serve as early-warning signals.,Continuous (0-100),Observations / Mindset Adaptability,7,,
fact_clinical_events.csv,burnout_risk,Probabilistic modeling of burnout as a stochastic emergent outcome.,Deterministic burnout labels,"Binomial distribution (np.random.binomial) where risk = max(0.0, (40 - latent_balance) / 100.0)",Discrete event (Binomial),Clinical Events / Stochastic Emergent Outcomes,7,,
dim_patients,patient_id,Unique identifier for the patient within the clinical system.,legacy_user_id,Primary Key auto-increment or UUID mapping.,INTEGER,Patient Index,8,,
dim_patients,radical_acceptance_score,Clinical metric measuring the patient's capacity for acceptance versus friction.,faith_score,0–100 ordinal scale derived from state machine behavioral inputs.,REAL,Patient Index,8,,
fact_encounters,deep_work_hours,Measurement of focused cognitive effort during clinical or work sessions.,effort_duration,Real-world temporal measurement in hours.,REAL,Encounters,8,,
fact_observations,screen_time,Quantity of digital exposure monitored during the longitudinal study.,distraction_metric,Real-world temporal measurement in minutes/hours.,REAL,Observations,8,,
fact_clinical_events,burnout_event_indicator,Binary marker indicating if a clinical burnout state was reached.,collapse_flag,Boolean (0 or 1) based on hazard threshold crossing.,INTEGER,Clinical Events,8,,
fact_clinical_events,latent_balance_score,The calculated equilibrium between task drive and flexibility.,soul_alignment_score,Stochastic emergent outcome (0-100 ordinal scale).,REAL,Clinical Events,8,,
dim_cohorts,archetype_category,Classification of patients into behavioral profiles for survival analysis.,religious_sect_group,Mapped from Markov Shift Observer transitions.,TEXT,Patient Index,8,,
fact_longitudinal_data,time_to_event,Duration in days until a specific state transition or burnout occurs.,days_until_fallout,Difference between start_date and event_date in days.,INTEGER,Clinical Events,8,,
dim_users,mindfulness_routine,Indicates presence of a secularized daily mindfulness practice.,spiritual_practice,Boolean conversion (0 or 1),INT,Patient Index,9,,
fact_observations_mental,radical_acceptance_score,Secularized clinical metric for psychological acceptance.,faith_score,0-100 ordinal scale,FLOAT,Observations,9,,
fact_observations_mental,focused_reflection_time,Secularized metric for time spent in internal reflection.,prayer_time,Temporal measurement (0-60 minutes),FLOAT,Observations,9,,
dim_users,mindfulness_routine,Secularized indicator of daily mindfulness practice.,spiritual_practice,0 or 1 binary flag,INT,Patient Index,10,,
fact_observations_mental,radical_acceptance_score,Clinical metric for psychological acceptance.,faith_score,Ordinal scale 0-100,FLOAT,Observations,10,,
fact_observations_mental,focused_reflection_time,Time spent in focused reflection/meditation.,prayer_time,Temporal measurement 0-60 minutes,FLOAT,Observations,10,,
dim_concept_dictionary,radical_acceptance_score,Ability to accept circumstances outside of one's control.,faith_score,"0–100 ordinal scale; modeled as a statistical random walk representing the variance, velocity, and acceleration of psychological state.",Continuous variable (Real),Psychological Ability / Observations,11,,
dim_concept_dictionary,focused_reflection_time,"Minutes spent in deep, internal contemplation.",prayer_time,Real-world temporal measurement (minutes/hours) tracking the velocity of decay.,Continuous variable (Real),Internal Contemplation / Observations,11,,
dim_concept_dictionary,mindfulness_routine,Presence of a daily grounding routine.,spiritual_practice,Binary flag (0 or 1) indicating existence of routine.,Binary,Grounding Routine / Observations,11,,
dim_concept_dictionary,cognitive_flexibility_index,Adaptability of mindset when facing external friction.,surrender_consistency,0–100 continuous variable; serves as a precursor to quantify psychological mechanism against friction.,Continuous variable (Real),Mindset Adaptability / Observations,11,,
fact_clinical_events,burnout_event,The occurrence of a terminal burnout state.,Deterministic burnout label,"Stochastic Emergent Outcome modeled via Binomial distribution: np.random.binomial(1, burnout_risk).",Binomial / Event,Clinical Events,11,,
dim_patients,patient_id,Unique identifier for the patient in the refactored HL7 schema.,users.user_id,Direct mapping from primary key.,INT,Patient Index,12,,
fact_encounters_daily,radical_acceptance_score,Secularized clinical metric measuring the level of psychological acceptance.,surrender_profile.faith_score,Recalibration of faith_score to secular 0–100 ordinal scale.,FLOAT,Clinical Events,12,,
fact_encounters_daily,deep_work_hours,"Total duration of intense, focused cognitive activity.",daily_activity_logs.deep_work_hours,Real-world temporal measurement (hours).,FLOAT,Observations,12,,
fact_encounters_daily,screen_time,Total duration of digital screen usage.,daily_activity_logs.screen_time,Real-world temporal measurement (hours).,FLOAT,Observations,12,,
fact_outcomes,latent_balance_score,Derived mathematical formula measuring the equilibrium between effort and acceptance.,performance_outcome.balance_index,100 - ABS(effort_intensity - radical_acceptance_score),FLOAT,Encounters,12,,
fact_outcomes,success_label,Binary indicator of goal achievement or outcome threshold.,performance_outcome.success_label,1 if success_score >= 65 else 0,INT,Encounters,12,,
fact_encounters_daily,burnout_index,Ordinal scale measuring clinical fatigue and exhaustion levels.,effort_profile.burnout_index,Stochastic emergent outcome (0-100 scale).,FLOAT,Clinical Events,12,,
dim_patients,personality_type,Categorical classification of patient behavioral traits.,users.personality_type,Direct mapping of VARCHAR category.,VARCHAR(10),Patient Index,12,,
fact_encounters_daily,impact_score,Numerical impact of life events on the patient's state.,life_events.impact_score,Real-world ordinal scale (-100 to 100).,FLOAT,Clinical Events,12,,
fact_encounters_daily,stress_level,Snapshot of physiological or psychological stress.,mental_state.stress_level,0-100 ordinal scale.,FLOAT,Observations,12,,
dim_behavioral_archetype,radical_acceptance_score,Secularized clinical metric representing the degree of psychological acceptance of current circumstances.,faith_score,0–100 ordinal scale derived from behavioral observation events.,INTEGER,Observations,13,,
dim_behavioral_archetype,latent_balance_score,A calculated score representing the equilibrium between opposing behavioral states.,religious_balance_index,Mathematical formula for stochastic emergent outcomes (0–100 scale).,FLOAT,Observations,13,,
fct_clinical_events,deep_work_hours,Temporal measurement of focused cognitive activity.,prayer_duration,Real-world temporal measurement (hours).,FLOAT,Clinical Events,13,,
fct_clinical_events,screen_time,Temporal measurement of digital device usage.,secular_distraction_time,Real-world temporal measurement (hours/minutes).,FLOAT,Clinical Events,13,,
dim_patient_index,patient_id,Unique identifier for the patient within the HL7/Star Schema.,subject_id,Primary key; unique constraint.,UUID,Patient Index,13,,
fct_encounters,encounter_type,Classification of the clinical interaction or behavioral session.,session_category,Lookup from DimConceptDictionary.,STRING,Encounters,13,,
markov_state_transitions,transition_probability,The likelihood of moving from one behavioral state to another.,fate_shift_probability,3x3 Markov state transition model calculation.,FLOAT,Clinical Events,13,,
dim_users,baseline_discipline,Standardized baseline measure of patient cognitive discipline and drive.,faith_score,"clip(N(65, 15^2), 20.0, 95.0)",Float (Ordinal 0-100),Patient Index,14,,
dim_users,baseline_flexibility,Standardized baseline measure of psychological openness and adaptability.,docility_index,"clip(N(60, 18^2), 15.0, 95.0)",Float (Ordinal 0-100),Patient Index,14,,
dim_users,age,Age of the patient at the time of system entry.,age_years,"Uniform(22, 64)",Integer,Patient Index,14,,
dim_users,gender,Categorical gender identification of the patient.,sex_id,"Categorical: Male (48%), Female (48%), Non-Binary (4%)",String,Patient Index,14,,
dim_users,mindfulness_routine,Binary indicator of whether the patient engages in regular mindfulness practices.,prayer_frequency,"P(1) = 0.45, P(0) = 0.55",Boolean,Patient Index,14,,
dim_users,archetype_id,Classification ID based on interaction between discipline and flexibility traits.,personality_type_code,1: disc>=65/flex<50; 2: disc>=60/flex>=60; 3: disc<50/flex>=65; 4: others,Integer,Patient Index,14,,
fact_encounters_daily,work_hours,Daily volume of professional or cognitive labor.,labor_units,"clip(6.0 + baseline_discipline/20.0 + N(0, 1.2^2), 2.0, 14.0)",Float (Hours),Encounters,14,,
fact_encounters_daily,screen_time,Daily digital interaction duration.,idle_time,"clip(N(4.0, 1.5^2), 1.0, 12.0)",Float (Hours),Encounters,14,,
fact_observations_mental,focus_score,Daily cognitive stamina and concentration metric.,piety_score,"clip(baseline_discipline + N(0, 4.5^2), 5.0, 98.0)",Float (0-100),Observations,14,,
fact_observations_mental,radical_acceptance_score,Daily psychological openness and acceptance of reality.,devotion_score,"clip(baseline_flexibility + N(0, 5.0^2), 5.0, 98.0)",Float (0-100),Observations,14,,
fact_observations_mental,stress_level,Daily inverse metric of focus and cognitive friction.,temptation_index,"clip(100.0 - focus_score + N(0, 3.0^2), 0.0, 100.0)",Float (0-100),Observations,14,,
fact_observations_mental,focused_reflection_time,Daily minutes spent in grounded cognitive reflection.,meditation_mins,radical_acceptance_score * 0.45,Float (Minutes),Observations,14,,
fact_observations_mental,mean_latent_balance,Calculated equilibrium between exertion (focus) and acceptance.,soul_harmony_score,100.0 - \,focus_score - radical_acceptance_score\,,Float (0-100),Clinical Events,14
fact_observations_mental,current_state,Clinical Markov state based on latent balance score.,grace_status,Stable: >=60; At-Risk: 40-60; Critical: <40,String,Clinical Events,14,,
fact_observations_mental,days_in_previous_state,Counter of consecutive days in a state before transition.,tenure_in_condition,Incremental counter tracking state stability,Integer,Clinical Events,14,,
clinical_star_schema,mean_latent_balance,A secularized clinical metric representing the mathematical formula for latent balance.,faith_score,0–100 ordinal scale weighted by Random Forest Gini importance (X * w_j).,Float,Observations,15,,
clinical_star_schema,baseline_flexibility,A secularized clinical metric representing psychological flexibility.,radical_acceptance_score,0–100 ordinal scale weighted by Random Forest Gini importance (X * w_j).,Float,Patient Index,15,,
dim_patient,radical_acceptance_score,A secularized clinical metric measuring cognitive flexibility and the ability to accept reality without judgment to reduce psychological friction.,faith_score,0–100 ordinal scale derived from flexibility_std (Standardized Cognitive Flexibility) normalized to patient baseline.,"NUMERIC(5,2)",Patient Index,16,,
fact_observations,deep_work_hours,"Total duration of uninterrupted, high-concentration cognitive effort recorded in a single day.",prayer_time,Real-world temporal measurement (hours) tracking focused task execution against discipline_std.,FLOAT,Observations,16,,
fact_encounters,screen_time,"Daily aggregate of time spent on digital devices, used as a proxy for cognitive exertion and potential stress friction.",secular_distraction_minutes,Real-world temporal measurement (hours/minutes) recorded via device telemetry.,FLOAT,Encounters,16,,
fact_clinical_events,burnout_event_hazard,Stochastic emergent outcome representing the daily probability of a burnout event based on Cox Proportional Hazards.,spiritual_crisis_indicator,e^(β) where β is the sum of (0.4434 * discipline_std) + (-0.9133 * flexibility_std).,DOUBLE,Clinical Events,16,,
dim_archetypes,latent_balance_score,A mathematical formula representing the equilibrium between task drive and cognitive stamina.,state_of_grace_index,Ordinal 0-100 scale mapping patient position within the 'Balanced Resilient' vs 'High-Drive / Low-Flexibility' Markov states.,INTEGER,Patient Index,16,,
fact_observations_mental,radical_acceptance_score,Ability to accept circumstances outside of control (0-100).,faith_score,0-100 ordinal scale based on psychological ability,Integer (0-100),Psychological Ability,17,,
fact_observations_mental,focused_reflection_time,"Minutes spent in deep, internal contemplation.",prayer_time,Real-world temporal measurement in minutes,Float,Internal Contemplation,17,,
fact_observations_mental,mindfulness_routine,Presence of a daily grounding routine (Binary 0/1).,spiritual_practice,Binary 0 or 1 indicator,Boolean/Integer,Grounding Routine,17,,
fact_observations_mental,cognitive_flexibility_index,Adaptability of mindset when facing external friction (0-100).,surrender_consistency,0-100 ordinal scale based on mindset adaptability,Integer (0-100),Mindset Adaptability,17,,
fact_encounters_daily,work_hours,Tracked daily work hours for longitudinal depth.,Flat File A/B/C/D (Static snapshots),Daily temporal measurement (deep work hours),Float,Encounters,17,,
fact_encounters_daily,stress_levels,Daily stress scores linked 1:1 per encounter.,Hub (Fixed Outcomes),0-100 ordinal scale,Integer (0-100),Encounters,17,,
fact_encounters_daily,focus_scores,Daily focus scores tracked per encounter.,Hub (Fixed Outcomes),0-100 ordinal scale,Integer (0-100),Encounters,17,,
DimUser,userId,Unique identifier for a user in the system.,Legacy_User_ID,Primary Key assignment,int,Patient Index,18,,
DimUser,mindfulnessRoutine,Frequency or intensity of mindfulness practices.,prayer_frequency,Standardized 0–100 scale based on activity logs,int,Patient Index,18,,
DimUser,baselineDiscipline,Measures consistent adherence to routines.,piety_score,Moving average of task completion rates,float,Patient Index,18,,
FactEncountersDaily,workHours,Measurement of deep work hours performed daily.,vocation_time,Sum of logged professional activity durations,float,Encounters,18,,
FactEncountersDaily,screenTime,Total duration of digital device usage.,secular_distraction_time,Real-world temporal measurement in hours,float,Encounters,18,,
FactObservationsMental,radicalAcceptanceScore,Clinical metric for psychological flexibility and acceptance.,faith_score,Ordinal scale 0–100 derived from observation surveys,float,Observations,18,,
FactObservationsMental,focusScore,Metric representing the ability to maintain cognitive attention.,devotion_index,Latent balance score calculated via stochastic emergent outcomes,float,Observations,18,,
FactStateTransitions,daysInPreviousState,Duration spent in a specific behavioral or clinical state.,days_since_confession,Temporal difference between current and previous state timestamps,int,Clinical Events,18,,
FactClinicalEvents,severityScore,Clinical assessment of the intensity of an event.,sin_magnitude,Standardized 0–100 clinical assessment,float,Clinical Events,18,,
BEHAVIORAL_METRICS,radical_acceptance_score,Ability to accept circumstances without judgment.,faith_score,0-100 ordinal scale based on psychological decay modeling,Integer (0-100),Observations,19,,
BEHAVIORAL_METRICS,focused_reflection_time,Minutes spent in deep contemplation.,prayer_time,Continuous variable modeling in minutes,Real Number,Observations,19,,
BEHAVIORAL_METRICS,mindfulness_routine,Presence of daily grounding routine.,spiritual_practice,Stochastic emergent outcomes tracking,Boolean/Integer,Observations,19,,
BEHAVIORAL_METRICS,cognitive_flexibility_index,Adaptability of mindset to changing environments.,surrender_consistency,Latent balance score derivation,Integer (0-100),Observations,19,,
FACT_TABLES,burnout_event,Clinical event modeled as a probabilistic event.,BURNOUT (Hardcoded Formula),Survival Analysis & Time-to-Event (TTE) modeling,Event/Boolean,Clinical Events,19,,
TIME_DIMENSION,days_in_previous_state,Measuring state inertia within Markov modeling.,Static Snapshots,Temporal stability during environmental shocks,Interval,Encounters,19,,
dim_patient,acceptance_score,Measure of a patient's cognitive and psychological flexibility to accept current experiences without judgment.,faith_score,Ordinal scale (0-100) mapped from legacy religious adherence metrics and current psychological flexibility assessments.,int,Patient Index,20,,
fact_observations,burnout_state,The clinical burnout status based on daily Markov transition analysis.,spiritual_fatigue_level,"Categorical: Stable, At-Risk, or Critical based on stochastic transition probabilities.",string,Observations,20,,
fact_observations,survival_probability,Kaplan-Meier estimate of the probability of remaining burnout-free over a specific time horizon.,divine_protection_index,S(t) = Product from ti <= t of (1 - di/ni); results in 0.0-1.0 or 0-100 scale.,float,Observations,20,,
dim_archetypes,recovery_rate,The daily velocity at which a subject moves from an At-Risk state back to a Stable state.,repentance_velocity,Daily transition probability (P_at-risk_to_stable) expressed as a percentage.,float,Clinical Events,20,,
fact_observations,deep_work_hours,Total hours spent in high-concentration task exertion without distraction.,meditation_hours,Real-world temporal measurement (hours per day).,float,Observations,20,,
fact_encounters,slip_rate,The daily probability of deteriorating from a Stable state to an At-Risk state.,temptation_frequency,Daily transition probability (P_stable_to_at-risk) expressed as a percentage.,float,Encounters,20,,
fact_observations,screen_time,Daily measurement of digital interface exposure.,secular_distraction_time,Real-world temporal measurement in hours or minutes.,float,Observations,20,,
dim_patient,task_drive,Baseline propensity for high task workload and exertion.,zeal_rating,0-100 ordinal scale based on behavioral archetype assessment.,int,Patient Index,20,,
fact_encounters_daily,radical_acceptance_score,"A secularized clinical metric representing patient acceptance, replacing religious faith indicators.",faith_score,0–100 ordinal scale derived from patient encounter questionnaires.,Numeric (0-100),Observations,User Description,,
fact_state_transitions,latent_balance_score,Clinical metric for psychological equilibrium.,faith_score,Latent variable; Critical if < 40,FLOAT (0-100),Encounters,21,,
fact_observations_mental,radical_acceptance_score,Secularized clinical metric measuring acceptance of current state.,faith_score,Ordinal scale 0-100,FLOAT (0-100),Observations,21,,
dim_patient_index,patient_id,Unique identifier for the patient within the HL7/Star Schema architecture.,user_id,Primary Key / Natural Key mapping,UUID,Patient Index,22,,
fact_observations_mental,radical_acceptance_score,A secularized clinical metric measuring cognitive acceptance of reality without judgment.,faith_score,Ordinal scale measurement (0-100) based on clinical observation,Float (0.0-100.0),Observations,22,,
fact_observations_mental,stress_level,Continuous variable representing the intensity of physiological and psychological stress.,anxiety_index,Ordinal scale measurement (0-100),Float (0.0-100.0),Observations,22,,
fact_observations_mental,latent_balance,A calculated latent equilibrium score representing psychological homeostasis.,soul_balance_score,100.0 - \,focus_score - radical_acceptance_score\,,Float (0.0-100.0),Observations,22
fact_observations_mental,focus_score,Metric representing the level of directed attention and cognitive engagement.,devotion_index,Real-world measurement of deep work hours or task concentration,Float (0.0-100.0),Observations,22,,
fact_observations_mental,cognitive_flexibility_index,Indicator of the ability to adapt thinking and behavior between changing concepts.,humility_score,Ordinal scale measurement (0-100),Float (0.0-100.0),Observations,22,,
fact_clinical_events,event_type,Categorization of external environmental shocks used for causal inference.,tribulation_type,"Lookup: Job Loss, Divorce, Bereavement, Relocation, Financial Shock",Varchar,Clinical Events,22,,
fact_clinical_events,severity_score,Quantification of the magnitude of an environmental disruption.,trial_severity,Measurement range typically between 7.0 and 10.0,Float,Clinical Events,22,,
fact_clinical_events,burnout_event,A stochastic emergent outcome representing terminal psychological exhaustion.,spiritual_crisis,Binomial probability of occurrence based on Markov state transition (Critical state < 40.0 balance),Boolean,Clinical Events,22,,
fact_observations_mental,markov_state,The current stability state of the patient based on latent balance thresholds.,salvation_status,"Stable (>=60.0), At-Risk (40.0-59.9), Critical (<40.0)",Varchar,Observations,22,,
fact_state_transitions,user_id,Unique identifier for the patient within the clinical system.,patient_id (Inferred),Primary Key link from User Profile,Integer / UUID,Patient Index,23,,
fact_state_transitions,previous_state,The Markov state the patient occupied prior to the current transition.,old_status (Inferred),Lagged value of daily_state,String / Enum,Encounters,23,,
fact_state_transitions,new_state,"The current Markov state the patient has entered (Stable, At-Risk, or Critical).",new_status (Inferred),Evaluated based on latent_balance threshold boundaries,String / Enum,Encounters,23,,
fact_state_transitions,transition_date,The date when the patient moved from the previous state to the new state.,change_timestamp (Inferred),Date of first occurrence where daily_state != current_clinical_state,Date,Clinical Events,23,,
fact_state_transitions,days_in_previous_state,Duration counter capturing consecutive days spent in the prior state before shifting.,duration_in_status (Inferred),Cumulative sum of days where daily_state == previous_state,Integer,Clinical Events,23,,
dim_patient_metrics,focus_score,Clinical metric measuring cognitive focus or deep work hours on a 0-100 scale.,attention_pct (Inferred),Direct measurement from screen time or clinical observation,Decimal,Observations,23,,
dim_patient_metrics,radical_acceptance_score,Secularized clinical metric for emotional regulation and acceptance.,faith_score,Direct measurement (0-100 scale),Decimal,Observations,23,,
fact_state_transitions,latent_balance,A continuous score representing the daily equilibrium of the patient.,spiritual_balance (Inferred),100.0 - \,focus_score - radical_acceptance_score\,,Decimal,Observations,23
fact_clinical_events,event_type,A sparse entry logging the occurrence of a clinical event such as burnout.,burnout_flag,"np.random.binomial(1, burnout_risk) based on binomial event sampling.",Integer (0 or 1),Clinical Events,24,,
dim_patient_state,latent_balance,A hidden equilibrium score representing internal risk rather than a final label.,faith_score,100 - \,effort - radical_acceptance_score\,,Float (0-100),Observations,24
dim_users,user_id,Unique identifier for the participant. Primary key for the dimension table.,users.user_id,Direct identifier mapping,INTEGER,Patient Index,25,,
dim_users,radical_acceptance_score,A secular metric measuring the degree of acceptance of current reality without judgment.,faith_score,Statistical mapping of religious surrender to psychological acceptance (0-100 scale),FLOAT,Observations,25,,
dim_environment,environment_score,Metric evaluating external factors influencing individual performance and state.,environment_factors.csv,Ordinal scale 0-100,INTEGER,Encounters,25,,
dim_mental_state,life_satisfaction,Longitudinal time-series metric tracking subjective well-being.,mental_state.csv,Ordinal scale 0-100,INTEGER,Observations,25,,
fact_state_transitions,transition_id,Captures Markov state transitions between behavioral or mental states.,Not in source,Recorded if previous_state != new_state.,Integer,Flow Tables,1,,
dim_concept_dictionary,concept_name,Standardized clinical definitions for metrics.,Not in source,Hardcoded list,string,Metadata,2,,
fact_encounters_daily,work_hours,Daily measurements of work intensity.,Not in source,"round(np.random.normal(daily_effortday / 10, 2).clip(0, 16), 1)",float,Encounters,2,,
fact_encounters_daily,screen_time,Real-world temporal measurement of device usage.,Not in source,"round(np.random.normal(6, 2).clip(0, 16), 1)",float,Encounters,2,,
fact_state_transitions,new_state,"Tracks shifts between Stable, At-Risk, and Critical states.",Not in source,Based on latent_balance (100 - abs(effort - surrender)),string,Markov State Transition,2,,
users,latent_personality_traits,Metadata regarding the inherent behavioral characteristics of the individual.,Not in source,Inferred through stochastic seed generation,string,Patient Index,3,,
effort_profile,effort_score,The numerical representation of drive and work intensity.,Not in source,0–100 ordinal scale,integer,Observations,3,,
performance_outcome,balance_index,A latent balance score representing the equilibrium between drive and letting go.,Not in source,100 - abs(effort_score - surrender_score),integer,Clinical Events,3,,
performance_outcome,success_label,A binary classification target indicating achievement of goals.,Not in source,Deterministic based on balance_index thresholds,boolean,Clinical Events,3,,
performance_outcome,burnout_flag,A stochastic emergent outcome identifying high-effort/low-surrender states.,Not in source,Classification label (1/0) derived from effort/surrender variance,boolean,Clinical Events,3,,
daily_activity_logs,deep_work_hours,Granular temporal data capturing high-intensity focus periods.,Not in source,Temporal measurement in hours,float,Encounters,3,,
behavior_patterns,pattern_id,A redundant composite key used in the flow table to identify specific behavioral sets.,Not in source,Auto-incrementing surrogate key,integer,Observations,3,,
environment_factors,stress_level,A measure of external factors categorized by degrees of severity.,Not in source,0-100 ordinal scale (degrees of awful),integer,Observations,3,,
fact_encounters_daily,stress_level,High-frequency measurement of mental state anchored to previous states and latent baseline traits.,Not in source,Statistical random walks using np.random.normal logic.,Continuous (0-100),Encounters,5,,
fact_encounters_daily,focus_score,High-frequency measurement of mental focus modeled for longitudinal analysis.,Not in source,Statistical random walks using np.random.normal logic.,Continuous (0-100),Encounters,5,,
fact_clinical_events,burnout_risk,Probabilistic risk of an emergent burnout event based on latent balance degradation.,Not in source,"max(0.0, (40 - latent_balance) / 100.0)",Continuous (0-1),Clinical Events,5,,
fact_clinical_events,latent_balance,Hidden state driving the probability of outcomes without guaranteeing them.,Not in source,100 - \,effort - cognitive_flexibility\,,Continuous (0-100),Clinical Events,5
dim_concept_dictionary,clinical_scale_mapping,Interoperability layer for standardized clinical scales such as SNOMED or LOINC.,Not in source,Standardized lookup table for cross-disciplinary integration.,String/Categorical,Patient Index,5,,
dim_behavioral_archetypes,baseline_traits,"Normalizes observations against user-specific baseline traits (e.g., High-Drive / Low-Flexibility).",Not in source,User-specific normalization metrics.,Categorical,Patient Index,5,,
flow_state_transitions,days_in_previous_state,"Evaluates state inertia by measuring duration a patient remains in a clinical state (Stable, At-Risk, Critical).",Not in source,Temporal distance (days) between state transitions in Markov Chain.,Integer (Days),Clinical Events,5,,
fact_observations_mental.csv,latent_balance,Hidden state representing the equilibrium between effort and acceptance.,Not in source,100 - \,effort - surrender\,,Continuous (0-100),Clinical Metrics / Latent Balance Scores,7
fact_state_transitions.csv,days_in_previous_state,Variable used to evaluate state inertia for survival analysis.,Not in source,Measurement of duration (temporal distance) in a specific Markov state.,Temporal measurement (Days),Encounters / Markov state transition models,7,,
dim_behavioral_archetypes.csv,archetype_category,"Categorizes users based on latent baseline traits (e.g., High-Drive / Low-Flexibility).",Not in source,Lookup table for normalization against user specific baselines.,String / Categorical,Patient Index / Lookup,7,,
dim_concept_dictionary.csv,clinical_definition,Standardized clinical definitions and scales (similar to SNOMED or LOINC).,Not in source,Interoperability layer for multi-center data integration.,String,Clinical Metrics / Lookup,7,,
dim_users,baseline_discipline,Initial measure of behavioral discipline.,Not in source,0-100 ordinal scale,FLOAT,Patient Index,9,,
dim_users,baseline_flexibility,Initial measure of behavioral flexibility.,Not in source,0-100 ordinal scale,FLOAT,Patient Index,9,,
fact_encounters_daily,work_hours,Total hours spent in deep work or professional activity.,Not in source,Temporal measurement (0-16),FLOAT,Encounters,9,,
fact_encounters_daily,screen_time,Total hours of digital screen exposure.,Not in source,Temporal measurement (0-16),FLOAT,Encounters,9,,
fact_observations_mental,stress_level,Metric indicating current psychological stress.,Not in source,0-100 ordinal scale,FLOAT,Observations,9,,
fact_observations_mental,focus_score,Metric indicating level of cognitive focus.,Not in source,0-100 ordinal scale,FLOAT,Observations,9,,
fact_state_transitions,previous_state,The clinical state prior to the current transition.,Not in source,"Categorical: Stable (>=60), At-Risk (40-59), Critical (<40)",VARCHAR(20),Clinical Events,9,,
fact_state_transitions,days_in_previous_state,Duration spent in the previous state for Markov modeling.,Not in source,Temporal count of days,INT,Clinical Events,9,,
dim_users,user_id,Primary identifier for patients.,hub_user_id (Inferred),Not in source,INT,Patient Index,10,,
dim_users,baseline_discipline,Baseline measure of self-discipline.,Not in source,Ordinal scale 0-100,FLOAT,Patient Index,10,,
dim_users,baseline_flexibility,Baseline measure of mental flexibility.,Not in source,Ordinal scale 0-100,FLOAT,Patient Index,10,,
fact_encounters_daily,work_hours,Total hours spent on deep work.,Not in source,Temporal measurement 0-16 hours,FLOAT,Encounters,10,,
fact_encounters_daily,screen_time,Total hours of screen time.,Not in source,Temporal measurement 0-16 hours,FLOAT,Encounters,10,,
fact_observations_mental,stress_level,Measured stress level.,Not in source,Ordinal scale 0-100,FLOAT,Observations,10,,
fact_observations_mental,focus_score,Measured focus or concentration level.,Not in source,Ordinal scale 0-100,FLOAT,Observations,10,,
fact_state_transitions,previous_state,The clinical state prior to transition.,Not in source,"Stable (>=60), At-Risk (40-59), Critical (<40)",VARCHAR(20),Clinical Events,10,,
fact_state_transitions,days_in_previous_state,Duration spent in the prior state.,Not in source,Count of days,INT,Clinical Events,10,,
fact_clinical_events,event_type,Type of sparse clinical or life shock.,Not in source,"Categorical (e.g. Burnout, Job Loss)",VARCHAR(50),Clinical Events,10,,
fact_clinical_events,severity_score,Severity of the recorded event.,Not in source,Scale 0-10,FLOAT,Clinical Events,10,,
fact_state_transitions,days_in_previous_state,Duration a participant remains in a specific clinical state before transitioning.,Not in source,"Temporal distance measurement used to calculate ""state inertia"" and critical intervention windows.",Integer (Days),Clinical Events / Flow,11,,
fact_state_transitions,new_state,"The resulting clinical state (Stable, At-Risk, or Critical) after a transition.",Not in source,"Markov Chain logic based on latent balance scores (Stable >= 60, At-Risk 40–59, Critical < 40).",String / Categorical,Clinical Events / Flow,11,,
fact_observations_mental,stress_level,Measurement of psychological strain and friction.,Not in source,0–100 ordinal scale modeled as a statistical random walk.,Continuous variable (Real),Observations / Clinical Events,11,,
dim_behavioral_archetypes,archetype_category,"Categorization of users by latent baseline traits (e.g., High-Drive / Low-Flexibility).",Not in source,Lookup logic to normalize observations against standardized clinical context.,String / Categorical,Patient Index / Dimensions,11,,
clinical_star_schema,duration_days,Time elapsed until burnout event or 90-day censoring period.,Not in source,Real-world temporal measurement (days); 90 for right-censored patients.,Integer,Encounters/Clinical Events,15,,
clinical_star_schema,event_observed,Binary indicator of whether the burnout event occurred during the observation window.,Not in source,"1 if event occurred, 0 if right-censored.",Boolean,Encounters/Clinical Events,15,,
clinical_star_schema,avg_stress_level,Standardized continuous clinical predictor of stress levels.,Not in source,0–100 ordinal scale weighted by Random Forest Gini importance (X * w_j).,Float,Observations,15,,
clinical_star_schema,baseline_discipline,A metric measuring behavioral discipline at the start of the study period.,Not in source,0–100 ordinal scale weighted by Random Forest Gini importance (X * w_j).,Float,Patient Index,15,,
clinical_star_schema,mindfulness_routine,A metric representing the adherence to mindfulness protocols.,Not in source,0–100 ordinal scale weighted by Random Forest Gini importance (X * w_j).,Float,Observations,15,,
Markov Clinical States (Flow Table),latent_balance_state,"Tracks movement between Stable, At-Risk, and Critical states.",Not in source,"Stable (>=60), At-Risk (40-60), Critical (<40)",String/Enum,Clinical Events,17,,
Sparse Clinical Shocks (Event Table),resilience_delta,"Calculation of impact from discrete, stochastic events like job loss.",Not in source,Resilience Delta calculation from Environmental Shock,Float,Clinical Events,17,,
DimConceptDictionary,scaleMax,Defines the upper bound for standardized clinical metrics.,Not in source,Static metadata definition,float,Observations,18,,
USER_PROFILE,balance_score,"Composite score determining clinical state (Stable, At-Risk, or Critical).",Not in source,"Stochastic variance, velocity, and acceleration of behavior",Integer (0-100),Patient Index,19,,
fact_state_transitions,days_in_previous_state,The number of days a patient remained in the prior state before a boundary shift occurred.,Not in source,Difference in days between current transition timestamp and the last transition timestamp.,Integer (Days),Clinical Events,26,,
fact_state_transitions,inbound_state,"The target state the patient is entering (e.g., Stable, At-Risk, Critical).",Not in source,Categorical assignment based on clinical threshold crossing.,String,Observations,26,,
fact_state_transitions,outbound_state,The previous state from which the patient transitioned.,Not in source,Previous state recorded in historical state log.,String,Observations,26,,
fact_encounters_daily,deep_work_hours,"Total hours spent in focused, cognitively demanding tasks.",Not in source,Summation of temporal measurements of focused activity per day.,Float,Encounters,User Description,,
fact_encounters_daily,screen_time,Real-world temporal measurement of device usage duration.,Not in source,Cumulative minutes or hours of logged screen activity.,Float,Encounters,User Description,,
fact_encounters_daily,state_persistence_rate,"The daily probability that a patient remains in their current clinical state (Stable, At-Risk, or Critical).",Not in source,Row-stochastic Markov transition probability P(St+1 \,St) where St+1 = St.,Decimal (0-1),Clinical Events,26,
dim_users,user_id,Unique identifier for the patient/user in the system.,Not in source,Primary Key; Unique identifier,INTEGER,Patient Index,21,,
dim_users,baseline_discipline,Static demographic trait representing baseline level of discipline.,Not in source,Extracted from baseline diagnostic,NUMERIC,Patient Index,21,,
dim_users,baseline_flexibility,Static demographic trait representing baseline cognitive flexibility.,Not in source,Extracted from baseline diagnostic,NUMERIC,Patient Index,21,,
dim_users,mindfulness_routine,Metadata regarding the user's established mindfulness habits.,Not in source,Categorical attribute,VARCHAR,Patient Index,21,,
dim_users,archetype_id,Classification ID for user behavior patterns.,Not in source,Foreign Key to dim_archetypes,INTEGER,Patient Index,21,,
fact_clinical_events,event_type,Type of clinical event recorded for the user.,Not in source,Categorical event logging; specifically 'Burnout Event',VARCHAR,Clinical Events,21,,
fact_clinical_events,event_date,The precise date and timestamp of a clinical event.,Not in source,Temporal event logging,DATE,Clinical Events,21,,
fact_observations_mental,focused_reflection_time,Temporal measurement of deep work or reflection.,Not in source,Real-world temporal measurement (hours),FLOAT,Observations,21,,
Derived Analytical View,duration_days,Calculated temporal distance from baseline to event or censoring.,Not in source,JULIANDAY(event_date) - JULIANDAY(start_date) or 90-day cap,INTEGER,Clinical Events,21,,
Derived Analytical View,event_observed,Binary indicator for survival analysis terminal event.,Not in source,CASE WHEN event_date IS NOT NULL THEN 1 ELSE 0 END,BOOLEAN,Clinical Events,21,,
fact_clinical_events,event_timestamp,The specific date and time when a stochastic outcome event was triggered.,Not in source,Logged upon successful firing of a stochastic check.,Timestamp,Clinical Events,24,,
dim_patient_state,burnout_risk,An elevated hazard probability calculated when balance drops below a threshold.,Not in source,"max(0.0, (40 - latent_balance) / 100.0)",Float (0.0-1.0),Observations,24,,
dim_behavioral_metrics,cognitive_flexibility,A behavioral precursor used to predict outcomes without target leakage.,Not in source,Organic behavioral measurement (0-100 scale),Float,Observations,24,,
dim_behavioral_metrics,reflection_time_decay,"The velocity of decay in reflection time, used as a predictive trend.",Not in source,Temporal measurement of reflection duration over time.,Float,Observations,24,,
sys_schema_version,version_id,Primary identifier for each schema version record.,Not in source,Auto-incrementing integer,INTEGER,System Metadata,27,,
sys_schema_version,version_number,"The versioning string for the database schema (e.g., v2.0.0).",Not in source,Manual input/String assignment,TEXT,System Metadata,27,,
sys_schema_version,applied_at,Timestamp indicating when the schema version was applied to the system.,Not in source,DEFAULT CURRENT_TIMESTAMP,TIMESTAMP,System Metadata,27,,
sys_orchestration_job_runs,batch_number,Unique identifier for a specific batch execution or pipeline run.,Not in source,"Generated per execution (e.g., BATCH-STUDY-2026-101)",TEXT,System Metadata,27,,
sys_orchestration_job_runs,execution_mode,The mode in which the pipeline was executed.,Not in source,"Options: ingest, ml, all",TEXT,System Metadata,27,,
sys_orchestration_job_runs,run_status,The current state of the job execution.,Not in source,"PENDING, RUNNING, COMPLETED, or FAILED",TEXT,System Metadata,27,,
sys_orchestration_job_runs,num_users,The size of the user cohort processed in the run.,Not in source,Cohort size count,INTEGER,System Metadata,27,,
sys_orchestration_events,job_run_id,Foreign key link to the job run that generated the telemetry or log event.,Not in source,Relational mapping,INTEGER,System Metadata,27,,
sys_orchestration_events,telemetry_logs,Milestone telemetry and component logs for auditing pipeline performance.,Not in source,Event logging,TEXT,System Metadata,27,,
"All Tables (dim_ , fact_ , sys_*)",created_at,Standardized timestamp recording when a row was first inserted.,Not in source,DEFAULT CURRENT_TIMESTAMP,TIMESTAMP,System Metadata,27,,
"All Tables (dim_ , fact_ , sys_*)",updated_at,Standardized timestamp recording when a row was last modified.,Not in source,AFTER UPDATE trigger (CURRENT_TIMESTAMP),TIMESTAMP,System Metadata,27,,
fact_daily_activity,deep_work_hours,Total duration of cognitively demanding tasks performed without distraction.,Not in source,Temporal measurement in hours,FLOAT,Clinical Events,25,,
fact_daily_activity,screen_time,Real-world temporal measurement of time spent on digital devices.,Not in source,Temporal measurement in hours/minutes,FLOAT,Clinical Events,25,,
fact_performance,balance_index,A latent balance score representing the equilibrium between effort and surrender.,Not in source,Mathematical formula for latent balance; continuous regression metric (0-100),FLOAT,Encounters,25,,
fact_performance,success_score,Stochastic emergent outcome representing overall achievement or performance.,Not in source,Derived from performance_outcome.csv via regression analysis,FLOAT,Observations,25,,
dim_concept_dictionary,concept_id,Primary key for the clinical dictionary lookup.,Not in source,Not in source,INT,Clinical Dictionary,9,,
dim_concept_dictionary,concept_name,Name of the clinical concept or metric.,Not in source,Not in source,VARCHAR(100),Clinical Dictionary,9,,
dim_concept_dictionary,scale_min,Minimum value for the metric scale.,Not in source,Not in source,FLOAT,Clinical Dictionary,9,,
dim_concept_dictionary,scale_max,Maximum value for the metric scale.,Not in source,Not in source,FLOAT,Clinical Dictionary,9,,
dim_concept_dictionary,clinical_definition,Detailed clinical definition of the concept.,Not in source,Not in source,TEXT,Clinical Dictionary,9,,
dim_concept_dictionary,concept_id,Primary identifier for clinical concepts.,Not in source,Not in source,INT,Clinical Dictionary,10,,
dim_concept_dictionary,concept_name,Name of the clinical concept.,Not in source,Not in source,VARCHAR(100),Clinical Dictionary,10,,
dim_concept_dictionary,clinical_definition,Textual clinical definition of the concept.,Not in source,Not in source,TEXT,Clinical Dictionary,10,,
dim_behavioral_archetypes,archetype_id,Primary identifier for behavioral archetypes.,Not in source,Not in source,INT,Behavioral Archetypes,10,,
dim_behavioral_archetypes,archetype_name,Name of the archetype.,Not in source,Not in source,VARCHAR(50),Behavioral Archetypes,10,,
dim_behavioral_archetypes,description,Description of the archetype characteristics.,Not in source,Not in source,TEXT,Behavioral Archetypes,10,,
fact_encounters_daily,encounter_id,Primary identifier for a daily encounter.,Not in source,Not in source,INT,Encounters,10,,
sys_schema_version,migration_name,Name of the migration script or process applied.,Not in source,Not in source,TEXT,System Metadata,27,,
sys_schema_version,description,Descriptive details about the schema changes or purpose.,Not in source,Not in source,TEXT,System Metadata,27,,