"Index","Reference"
"1","Dataset Architecture and Methodology Critique"
"2","bootstrap-script"
"3","ML Model Data Processing Ready"
"4","Clinical Data Pipeline Architecture"
"5","Technical Design Specification: Longitudinal Behavioral Data Architecture"
"6","Clinical ML Analytics System"
"7","Architectural Migration Strategy: Transitioning t…"
"8","Clinical Pipeline Update"
"9","Clinical Star Schema Structure"
"10","Clinical Star Schema Structure"
"11","Research Framework: Strategic Analysis of Stochastic Behavioral Burnout"
"12","Hub-and-Spoke SQL Schema"
"13","Component Architecture Update"
"14","Cognitive Data Modeling"
"15","Weighted Cox Regression"
"16","Burnout Hazard Dynamics"
"17","Behavioral_Modeling_Evolution_Infographic.png"
"18","refactored_class_diagram.png"
"19","Stochastic_Behavioral_Burnout_Research_Framework.png"
"20","Burnout Markov Dynamics"
"21","Burnout Survival Analysis"
"22","The Resilience Delta"
"23","Clinical State Machine Logic"
"24","Stochastic Emergent Outcomes"
"25","Data Sources Added, Next Steps"
"26","Patient State Markov Analysis"
"27","Database Orchestration Core"
